Well_Num,Day,Replicate,Culture,Genotype_Category,Removal_Type,Row_Num
C3,5,NA,3824,SINGLE_DEL,OUTLIER,166
F6,9,NA,3822,SINGLE_DEL,OUTLIER,413
A3,5,NA,3973,REC_GENO,OUTLIER,181
C1,6,NA,3911,REC_GENO,OUTLIER,225
C5,7,NA,3905,REC_GENO,OUTLIER,267
F4,8,NA,3905,REC_GENO,OUTLIER,352
D6,8,NA,3973,REC_GENO,OUTLIER,367
D6,9,NA,3911,REC_GENO,OUTLIER,388
G1,9,NA,3973,REC_GENO,OUTLIER,414
C3,5,NA,3984,SCARLET,OUTLIER,29
C5,6,NA,3984,SCARLET,OUTLIER,37
C5,7,NA,3984,SCARLET,OUTLIER,39
B4,8,NA,3920,SCARLET,OUTLIER,23
C3,8,NA,3984,SCARLET,OUTLIER,33
D2,9,NA,3852,SCARLET,OUTLIER,48
H2,9,NA,3984,SCARLET,OUTLIER,76
C1,7,2,NA,REC_GENO,BY_HAND,285
A5,7,2,NA,REC_GENO,BY_HAND,282
E3,7,2,NA,REC_GENO,BY_HAND,290
F4,8,2,NA,REC_GENO,BY_HAND,352
A3,7,1,NA,REC_GENO,BY_HAND,261
A3,6,3,NA,REC_GENO,BY_HAND,241
D2,9,1,NA,SCARLET,BY_HAND,148
H2,9,2,NA,SCARLET,BY_HAND,76
C3,7,2,NA,SINGLE_DEL,BY_HAND,286